CRIM,ZN,INDUS,CHAS,NOX,RM,AGE,DIS,RAD,TAX,PTRATIO,B,LSTAT
50.62353247236965,13.647960089006816,8.662155693110716,0.6357488955568221,0.6498006485419219,8.05514693634149,28.651816992847014,8.492719051678026,8.354918098280812,640.8121844380422,18.49722089041174,323.97897485130807,1.8452932810357077
