CRIM,ZN,INDUS,CHAS,NOX,RM,AGE,DIS,RAD,TAX,PTRATIO,B,LSTAT
48.739275618427406,38.7802182057153,14.909839799577702,0.32040410357448357,0.49995208669804003,7.6352512193169035,92.25920558020873,11.418679017320411,7.050909976345739,430.83269327410784,15.057227426003262,375.52562172611215,6.8612064471651415
