CRIM,ZN,INDUS,CHAS,NOX,RM,AGE,DIS,RAD,TAX,PTRATIO,B,LSTAT,MEDV,MEDV.lower,MEDV.upper
53.93583800243101,99.69877976958261,19.818415579607787,0.990569547554127,0.5280943348026433,8.139193979055658,13.321719064081105,4.4678111462800825,2.3992302382571635,615.5662371121489,19.348228317433875,349.4990453163908,7.515276429966379,36.9461,32.50207,41.774868
