CRIM,ZN,INDUS,CHAS,NOX,RM,AGE,DIS,RAD,TAX,PTRATIO,B,LSTAT
32.73865572740596,82.83614913505426,25.905894041595584,0.16454422642023558,0.4234069524402666,5.8884660274764125,86.93299140497989,6.467720575686374,6.460053377513728,435.94421891554714,15.084832456336056,103.17294627509793,33.69085114121608
