SEX,EDUCATION,BILL_AMT1,BILL_AMT2,BILL_AMT3,BILL_AMT4,BILL_AMT5,BILL_AMT6,LIMIT_BAL,LIMIT_BAL.lower,LIMIT_BAL.upper
0.01239,0.01239,77879.14030150563,489351.1016859496,835858.3642679547,141801.1834010153,620051.5955103317,489705.05864939874,400599.5,261493.8,617624.1
