CRIM,ZN,INDUS,CHAS,NOX,RM,AGE,DIS,RAD,TAX,PTRATIO,B,LSTAT,MEDV,MEDV.lower,MEDV.upper
82.00222013381233,36.47382612722424,3.955590642980185,0.5238427314639545,0.6717542544295927,4.5780143451144735,67.73188332476725,4.78338045628014,23.80311583748987,198.54296242493206,21.38918718794156,136.37336386880148,15.159878806351763,18.732195,13.91087,22.831325
