SEX,EDUCATION,MARRIAGE,AGE,PAY_0,PAY_2,PAY_3,PAY_4,PAY_5,PAY_6,BILL_AMT1,BILL_AMT2,BILL_AMT3,BILL_AMT4,BILL_AMT5,BILL_AMT6,PAY_AMT1,PAY_AMT2,PAY_AMT3,PAY_AMT4,PAY_AMT5,PAY_AMT6
1.8885095750329186,1.730228738706619,1.1506359772236556,70.7220514509623,1.7561629857461307,1.0652798442532392,2.6081710267229976,-0.14428140456106564,5.696461077473682,6.338844588958166,-56410.649812529926,778928.5984038629,1296890.1832902208,680257.5006083978,85042.50600538115,120942.37366723968,664575.0488782215,646202.6683023258,426891.35130856565,83711.32265777471,209222.90126098087,398705.74156893144
