{
    "Data_Name": "car_deals.zip",
    "Try": 1,
    "Datasize_mb": 749.219669342041,
    "N_Observation": 34571,
    "N_features": 1,
    "Shape_Train": [
        25928,
        16
    ],
    "Shape_Test": [
        8643,
        16
    ],
    "Network": "seresnext50",
    "Duration_min": 88.17778694232305,
    "Experiment_Size_mb": 2481.3424549102783,
    "Acc_Time_Interpret": [
        7,
        2,
        8
    ],
    "Metrics": {
        "scorer": "RMSE",
        "val_score": 5673.99853515625,
        "val_score_sd": 168.38003540039062,
        "val_roc_auc": null,
        "val_pr_auc": null,
        "test_score": 5104.689453125,
        "test_score_sd": 168.38003540039062,
        "test_roc_auc": null,
        "test_pr_auc": null
    }
}