{
    "Data_Name": "car_deals.zip",
    "Try": 1,
    "Datasize_mb": 749.219669342041,
    "N_Observation": 34571,
    "N_features": 1,
    "Shape_Train": [
        25928,
        16
    ],
    "Shape_Test": [
        8643,
        16
    ],
    "Network": "resnet50",
    "Duration_min": 46.33242936929067,
    "Experiment_Size_mb": 1859.9994821548462,
    "Acc_Time_Interpret": [
        7,
        2,
        8
    ],
    "Metrics": {
        "scorer": "RMSE",
        "val_score": 5625.35302734375,
        "val_score_sd": 184.17857360839844,
        "val_roc_auc": null,
        "val_pr_auc": null,
        "test_score": 5149.396484375,
        "test_score_sd": 184.17857360839844,
        "test_roc_auc": null,
        "test_pr_auc": null
    }
}