{
    "Data_Name": "histopathology_train.zip",
    "Try": 1,
    "Datasize_mb": 535.8888864517212,
    "N_Observation": 20000,
    "N_features": 1,
    "Shape_Train": [
        15000,
        2
    ],
    "Shape_Test": [
        5000,
        2
    ],
    "Network": "seresnext50",
    "Duration_min": 56.48237349192301,
    "Experiment_Size_mb": 2478.5377826690674,
    "Acc_Time_Interpret": [
        7,
        2,
        8
    ],
    "Metrics": {
        "scorer": "AUC",
        "val_score": 0.9237560972366842,
        "val_score_sd": 0.00339244389590395,
        "val_roc_auc": 0.9237560972366842,
        "val_pr_auc": 0.9077273581984621,
        "test_score": 0.925759755175668,
        "test_score_sd": 0.003606038775576224,
        "test_roc_auc": 0.925759755175668,
        "test_pr_auc": 0.9034321568894214
    }
}