{
    "Data_Name": "histopathology_train.zip",
    "Try": 1,
    "Datasize_mb": 535.8888864517212,
    "N_Observation": 20000,
    "N_features": 1,
    "Shape_Train": [
        15000,
        2
    ],
    "Shape_Test": [
        5000,
        2
    ],
    "Network": "mobilenetv2",
    "Duration_min": 28.811057364940645,
    "Experiment_Size_mb": 1230.5251302719116,
    "Acc_Time_Interpret": [
        7,
        2,
        8
    ],
    "Metrics": {
        "scorer": "AUC",
        "val_score": 0.9082231348008799,
        "val_score_sd": 0.0034929599403126636,
        "val_roc_auc": 0.9082231348008799,
        "val_pr_auc": 0.8867538083069649,
        "test_score": 0.9111494073066088,
        "test_score_sd": 0.004246245699938652,
        "test_roc_auc": 0.9111494073066088,
        "test_pr_auc": 0.884477836916207
    }
}