{
    "Data_Name": "car_deals.zip",
    "Try": 1,
    "Datasize_mb": 749.219669342041,
    "N_Observation": 34571,
    "N_features": 1,
    "Shape_Train": [
        25928,
        16
    ],
    "Shape_Test": [
        8643,
        16
    ],
    "Network": "xception",
    "Duration_min": 39.42077223857244,
    "Experiment_Size_mb": 2222.2433795928955,
    "Acc_Time_Interpret": [
        7,
        2,
        8
    ],
    "Metrics": {
        "scorer": "RMSE",
        "val_score": 5710.359375,
        "val_score_sd": 175.5474395751953,
        "val_roc_auc": null,
        "val_pr_auc": null,
        "test_score": 5170.92138671875,
        "test_score_sd": 175.5474395751953,
        "test_roc_auc": null,
        "test_pr_auc": null
    }
}