{
    "Data_Name": "histopathology_train.zip",
    "Try": 1,
    "Datasize_mb": 535.8888864517212,
    "N_Observation": 20000,
    "N_features": 1,
    "Shape_Train": [
        15000,
        2
    ],
    "Shape_Test": [
        5000,
        2
    ],
    "Network": "xception",
    "Duration_min": 34.01149691740672,
    "Experiment_Size_mb": 2200.152316093445,
    "Acc_Time_Interpret": [
        7,
        2,
        8
    ],
    "Metrics": {
        "scorer": "AUC",
        "val_score": 0.9133318751740304,
        "val_score_sd": 0.003817270764015685,
        "val_roc_auc": 0.9133318751740304,
        "val_pr_auc": 0.8922890254542034,
        "test_score": 0.9135986625435726,
        "test_score_sd": 0.003948358650020265,
        "test_roc_auc": 0.9135986625435726,
        "test_pr_auc": 0.8890045191316881
    }
}