{
    "Data_Name": "histopathology_train.zip",
    "Try": 1,
    "Datasize_mb": 535.8888864517212,
    "N_Observation": 20000,
    "N_features": 1,
    "Shape_Train": [
        15000,
        2
    ],
    "Shape_Test": [
        5000,
        2
    ],
    "Network": "densenet121",
    "Duration_min": 31.884245677789053,
    "Experiment_Size_mb": 1488.211802482605,
    "Acc_Time_Interpret": [
        7,
        2,
        8
    ],
    "Metrics": {
        "scorer": "AUC",
        "val_score": 0.9229875171198371,
        "val_score_sd": 0.004077488475466567,
        "val_roc_auc": 0.9229875171198371,
        "val_pr_auc": 0.9067211502505258,
        "test_score": 0.9217149049983586,
        "test_score_sd": 0.004077488475466567,
        "test_roc_auc": 0.9217149049983586,
        "test_pr_auc": 0.9014756444341876
    }
}