{
    "Data_Name": "histopathology_train.zip",
    "Try": 1,
    "Datasize_mb": 535.8888864517212,
    "N_Observation": 20000,
    "N_features": 1,
    "Shape_Train": [
        15000,
        2
    ],
    "Shape_Test": [
        5000,
        2
    ],
    "Network": "efficientnetb0",
    "Duration_min": 31.205813268820446,
    "Experiment_Size_mb": 1329.7253942489624,
    "Acc_Time_Interpret": [
        7,
        2,
        8
    ],
    "Metrics": {
        "scorer": "AUC",
        "val_score": 0.9128446762187515,
        "val_score_sd": 0.003435055669988448,
        "val_roc_auc": 0.9128446762187515,
        "val_pr_auc": 0.8936532453956825,
        "test_score": 0.912242444169107,
        "test_score_sd": 0.0036626020163471654,
        "test_roc_auc": 0.912242444169107,
        "test_pr_auc": 0.8874960254712204
    }
}