{
    "Data_Name": "car_deals.zip",
    "Try": 1,
    "Datasize_mb": 749.219669342041,
    "N_Observation": 34571,
    "N_features": 1,
    "Shape_Train": [
        25928,
        16
    ],
    "Shape_Test": [
        8643,
        16
    ],
    "Network": "mobilenetv2",
    "Duration_min": 39.210557130972546,
    "Experiment_Size_mb": 1239.1550703048706,
    "Acc_Time_Interpret": [
        7,
        2,
        8
    ],
    "Metrics": {
        "scorer": "RMSE",
        "val_score": 5767.18115234375,
        "val_score_sd": 181.3937530517578,
        "val_roc_auc": null,
        "val_pr_auc": null,
        "test_score": 5200.5654296875,
        "test_score_sd": 181.3937530517578,
        "test_roc_auc": null,
        "test_pr_auc": null
    }
}