{
    "Data_Name": "car_deals.zip",
    "Try": 1,
    "Datasize_mb": 749.219669342041,
    "N_Observation": 34571,
    "N_features": 1,
    "Shape_Train": [
        25928,
        16
    ],
    "Shape_Test": [
        8643,
        16
    ],
    "Network": "seresnet50",
    "Duration_min": 44.914409633477526,
    "Experiment_Size_mb": 2519.726963043213,
    "Acc_Time_Interpret": [
        7,
        2,
        8
    ],
    "Metrics": {
        "scorer": "RMSE",
        "val_score": 5552.25634765625,
        "val_score_sd": 198.7968292236328,
        "val_roc_auc": null,
        "val_pr_auc": null,
        "test_score": 5114.48388671875,
        "test_score_sd": 198.7968292236328,
        "test_roc_auc": null,
        "test_pr_auc": null
    }
}