{
    "Data_Name": "histopathology_train.zip",
    "Try": 1,
    "Datasize_mb": 535.8888864517212,
    "N_Observation": 20000,
    "N_features": 1,
    "Shape_Train": [
        15000,
        2
    ],
    "Shape_Test": [
        5000,
        2
    ],
    "Network": "resnet34",
    "Duration_min": 25.742816936969756,
    "Experiment_Size_mb": 2217.1265087127686,
    "Acc_Time_Interpret": [
        7,
        2,
        8
    ],
    "Metrics": {
        "scorer": "AUC",
        "val_score": 0.9132089946178326,
        "val_score_sd": 0.004249535308298077,
        "val_roc_auc": 0.9132089946178326,
        "val_pr_auc": 0.8953758883428901,
        "test_score": 0.9146035298670789,
        "test_score_sd": 0.004249535308298077,
        "test_roc_auc": 0.9146035298670789,
        "test_pr_auc": 0.8936119887635553
    }
}